iterations,fitness,time,fevals
0,0.0272913777866,2.584169389,1000
10,0.0282492412081,4.950330685,2100
